"1","-","","","","","","","","","","","","","","2016-08-27 05:32:33","2016-09-01 09:42:12"
"2","岡田電気産業(株)","","0256-45-6160","","小泉","shinichiro_koizumi@okada-hd.co.jp","","","","","若月","manae_wakatsuki@okada-hd.co.jp","o","0","2016-08-27 05:32:33","2021-06-28 17:39:50"
"3","昭和電機産業(株)","","0256-35-5722","","上村","","","","","","","","","0","2016-08-27 05:32:33","2021-07-17 14:21:30"
"4","(株)オスト","","025-264-1352","","大野","ono@o-st.co.jp","","","時田","tokita@o-st.co.jp","波多野","hatano@o-st.co.jp","o","0","2016-08-27 05:32:33","2021-06-28 17:40:14"
"5","ムサシ","","","","","","","","","","","","","","2016-08-27 05:32:33","2020-12-12 17:35:32"
"6","桜商事(株)","","","","","","","","","","","","","","2016-08-27 05:32:33","2016-08-27 05:32:33"
"7","(有)南豆無線電機","","0558-23-4838","","大場","","","","","","","","","0","2016-08-27 05:32:33","2021-07-17 14:22:25"
"8","アスティ","","0256-35-4477","","丸山","","","","","","","","","1","2016-08-27 05:32:33","2022-04-25 14:29:28"
"9","村山敏弘","","","","","","","","","","","","","","2016-08-27 05:32:33","2016-08-27 05:32:33"
"10","自社","","","","","","","","","","","","","","2016-08-27 05:32:33","2020-07-01 09:07:57"
"11","ソフマップ","","","","","","","","","","","","","","2016-08-27 05:32:33","2016-08-27 05:32:33"
"12","(株)ケンオウ","","0256-33-3791","","","","","","","","","","k","1","2016-08-27 05:32:33","2020-12-29 16:09:00"
"13","(株)アクティオ","","0256-31-3522","","","","","","","","","","","","2016-08-27 05:32:33","2016-08-27 05:32:33"
"14","(株)安藤プロパン","","","","","","","","","","","","","","2016-08-27 05:32:33","2016-08-27 05:32:33"
"15","(株)タナカ","","0256-38-8587","","","","","","","","","","","","2016-08-27 05:32:33","2016-08-27 05:32:33"
"16","サンコーサイン","","0256-36-2743","","","","","","","","","","","","2016-08-27 05:32:33","2016-08-27 05:32:33"
"17","ヨコセＡＶシステム(株)","","025-282-1811","","池田","","","","","","","","y","1","2016-08-27 05:32:33","2021-07-17 14:23:15"
"18","ムサシプロ","","","","","","","","","","","","","","2016-08-27 05:32:33","2016-08-27 05:32:33"
"19","(株)すわろぉず","","025-378-6335","","加藤","","","","","","","","","0","2016-08-27 05:32:33","2021-07-17 14:23:49"
"20","浅野防災工業(株)","","025-286-5167","","坂井","","","","","","","","a","1","2016-08-27 05:32:33","2021-07-17 14:24:26"
"21","(有)涌井工業","","0256-53-3255","","","","","","","","","","","","2016-08-27 05:32:33","2016-08-27 05:32:33"
"22","東北電気保安協会　新潟東事業所","","","","","","","","","","","","t","1","2016-08-27 05:32:33","2020-12-29 16:09:57"
"23","(有)Ｋ．Ｓ商事","","025-241-7055","","","","","","","","","","","","2016-08-27 05:32:33","2016-08-27 05:32:33"
"24","(株)ホームメイキング","","0172-43-1271","","","","","","","","","","","","2016-08-27 05:32:33","2016-08-27 05:32:33"
"25","東北電気保安協会　新潟西事業所","","","","","","","","","","","","t","1","2016-08-27 05:32:33","2020-12-29 16:17:58"
"26","(株)ケンオー","","0256-39-7608","","坂井","","","","","","","","","0","2016-08-27 05:32:33","2021-07-17 14:24:53"
"27","エコリテック(株)","","025-201-6873","","社長","","","","","","","","","0","2016-08-27 05:32:33","2021-07-17 14:25:18"
"28","東北電力(株)","","","","","","","","","","","","t","1","2016-08-27 05:32:33","2020-12-29 16:09:20"
"29","(株)小杉電機","","0258-44-7178","","社長","","","","","","","","k","1","2016-08-27 05:32:33","2021-08-26 08:28:41"
"30","ホシザキ北信越(株)","","","","","","","","","","","","","","2016-08-27 05:32:33","2016-08-27 05:32:33"
"31","須戸デンキ","","0256-45-3064","","","","","","","","","","s","1","2016-08-27 05:32:33","2020-12-29 16:03:13"
"32","幸正住建","","025-388-3532","","社長","","","","","","","","","0","2016-08-27 05:32:33","2021-07-17 14:25:53"
"33","インパクトＷｅｂ","","","","鈴木　彦雄","","","","","","","","","0","2016-08-27 05:32:33","2021-07-17 14:26:12"
"34","グッドメディア","","","","","","","","","","","","","","2016-08-27 05:32:33","2016-08-27 05:32:33"
"35","コメリ","","","","","","","","","","","","","","2016-08-27 05:32:33","2017-12-13 11:33:14"
"36","(有)櫻井商店","","","","","","","","","","","","","","2016-08-27 05:32:33","2016-08-27 05:32:33"
"37","村山電気","","","","","","","","","","","","m","1","2016-08-27 05:32:33","2020-12-29 16:02:14"
"38","ときわ設備（株）","","","","","","","","","","","","","","2016-08-27 05:32:33","2016-08-27 05:32:33"
"39","小柳電気","","","","小柳　薫","","","","","","","","o","1","2016-09-01 09:38:14","2021-07-17 14:26:38"
"40","(株)作新工業","0250-25-1698","0250-25-1698","","江口","","","","","","","","s","1","2016-12-03 08:36:08","2021-07-17 14:26:56"
"41","astonish(ネットSHOP)","","","","","","","","","","","","","","2017-03-06 18:17:03","2017-07-26 15:53:07"
"42","コネクトオンライン","","","","","","","","","","","","","","2017-03-06 18:19:05","2017-03-06 18:19:05"
"43","POSTTA(ネットSHOP)","","","","","","","","","","","","","","2017-03-06 18:25:35","2017-07-26 15:52:15"
"44","グローバルリンク本店","","","","","","","","","","","","","","2017-03-06 18:29:29","2017-03-06 18:29:29"
"45","新潟ニッタン(株)","025-283-2611","","","上ノ山","","","","","","","","n","1","2017-03-06 18:40:59","2021-07-17 14:27:16"
"46","インカムショップ","","","","","","","","","","","","","","2017-03-22 08:18:35","2017-03-22 08:18:35"
"47","上新電機（株）","","","","","","","","","","","","","","2017-03-22 08:20:44","2017-03-22 08:20:44"
"48","(株)トリオコーポレーション","","","","","","","","","","","","","","2017-03-29 08:58:35","2017-03-29 08:58:58"
"49","ヤマダ電機","","","","","","","","","","","","","","2017-04-10 16:21:06","2017-04-10 16:21:06"
"50","東北電気保安協会　燕三条事業所","0256-63-7743","0256-63-6186","","","","","","","","","","t","1","2017-07-06 16:01:30","2020-12-29 16:18:13"
"51","theWirelessUSA(ネットSHOP)","","","","","","","","","","","","","","2017-07-26 15:40:29","2017-07-26 15:51:30"
"52","PURPLE7(ネットSHOP)","","","","","","","","","","","","","","2017-07-26 15:41:16","2017-07-26 15:51:19"
"53","PCボンバー(ネットSHOP)","","","","","","","","","","","","","","2017-08-18 15:26:55","2017-08-18 15:26:55"
"54","VCE Electronics(ネットSHOP)","","","","","","","","","","","","","","2017-08-23 14:41:56","2017-08-23 14:41:56"
"55","ユニオン電設(株)","0256-36-5300","0256-36-5225","","","","","","","","","","y","1","2017-09-26 10:07:57","2020-12-29 16:14:39"
"56","(株)渡辺工務店","","","","","","","","","","","","","","2017-09-30 17:01:50","2017-09-30 17:01:50"
"57","(有)早川防災","","","","","","","","","","","","h","1","2017-11-30 17:34:07","2020-12-29 16:15:09"
"58","中部電力(株)","","","","","","","","","","","","t","1","2017-12-16 16:41:25","2020-12-29 16:14:52"
"59","エス・アイ・エイ オーディオ JAPAN(ネットSHOP)","","","","","","","","","","","","","","2018-04-05 11:56:22","2018-04-05 11:56:47"
"60","ぴっかり堂(ネットSHOP)","","","","","","","","","","","","","","2018-04-05 11:57:10","2018-04-05 11:57:10"
"61","ホーチキ(株)","025-368-7035","025-368-7036","nfukushima@hochiki.co.jp","福島","","","","","","","","h","1","2018-04-10 13:45:36","2021-07-17 14:27:37"
"62","ヨドバシカメラ","","","","","","","","","","","","","","2018-04-11 17:09:33","2018-04-11 17:09:33"
"63","TOOLBOX(ネットSHOP)","","","","","","","","","","","","","","2018-06-23 08:35:21","2018-06-23 08:35:21"
"65","(株)サンステップ","0256-47-6310","0256-47-6311","","","","","","","","","","s","1","2018-07-02 09:37:27","2020-12-29 16:13:46"
"66","ケーズデンキ","","","","","","","","","","","","","","2018-10-02 07:48:21","2018-10-02 07:48:21"
"67","Amazon","","","","","","","","","","","","","0","2019-01-16 07:52:57","2021-07-21 18:07:48"
"68","(株)ビークラフト","025-282-5080","025-282-5081","","","","","","","","","","b","1","2019-02-20 13:57:31","2020-12-29 16:15:44"
"69","Ｌキッチンドットコム(ネットSHOP)","","","","","","","","","","","","","","2019-02-20 14:02:02","2019-02-20 14:02:02"
"70","NTT東日本","0120-002-992","","","","","","","","","","","n","1","2019-06-19 11:29:04","2020-12-29 16:13:27"
"71","ひらせい","","","","","","","","","","","","","","2019-07-05 08:40:19","2019-07-05 08:40:19"
"72","(株)フィール","025-278-3124","025-278-3125","","","","","","","","","","f","1","2019-10-08 16:32:43","2020-12-29 16:13:12"
"73","(株)土田総合建築センター","0256-38-8017","0256-38-1041","","","","","","","","","","t","1","2019-12-05 16:55:41","2020-12-29 16:12:54"
"74","DEPOT","","","","","","","","","","","","","","2019-12-18 07:49:51","2019-12-18 07:49:51"
"75","晴海電設","0258-46-6632","0258-46-6632","","代表　栗賀　絢也","","","","","","","","h","1","2020-01-27 09:51:43","2021-07-17 14:28:08"
"76","住まいるライト(ネットSHOP)","","","","","","","","","","","","","","2020-02-05 15:38:12","2020-02-05 15:38:12"
"77","左官　松谷","0256-55-5076","0256-55-5006","walllab@sakanmatsutani.com","代表　松谷　侑吉","","","","","","","","s","1","2020-04-03 15:31:38","2021-07-17 14:28:34"
"78","渋木瓦工業","0256-97-3514","0256-97-3738","","","","","","","","","","","","2020-05-07 13:19:48","2020-05-07 13:19:48"
"79","(株)ＭＯＡ運営","","","","","","","","","","","","","","2020-07-01 09:07:04","2020-07-01 09:07:04"
"80","(株)興電社","025-223-5141","025-223-5144","","","","","","","","","","k","1","2020-07-17 10:02:51","2020-12-29 16:11:40"
"81","ヤマカミ","","","","","","","","","","","","","","2020-07-31 07:51:26","2020-07-31 07:51:26"
"82","(空き番)","","","","","","","","","","","","","0","2020-08-28 11:22:42","2021-07-17 14:16:32"
"83","コジマ","","","","","","","","","","","","","","2020-09-02 11:13:14","2020-09-02 11:13:14"
"84","セキュテック","","","","","","","","","","","","","","2020-09-14 15:01:13","2020-09-14 15:01:13"
"85","ボーズ合同会社","","","","","","","","","","","","","","2020-10-01 11:03:52","2020-10-01 11:03:52"
"86","ウルマックス(ネットSHOP)","","","","","","","","","","","","","","2020-11-21 07:40:07","2020-11-21 07:40:07"
"87","久住電気(株)","025-286-4411","025-286-4292","","小池","koike@n-kec.co.jp","","","","","","","k","0","2020-11-28 09:06:38","2021-06-10 10:00:01"
"88","エイチツー・エンジニアリング","","","","","","","","","","","","","","2020-12-10 11:51:07","2020-12-10 11:51:07"
"89","田中電気","0120-900-707","","shop@tanaka-denki.co.jp","","","","","","","","","","0","2021-01-22 17:15:17","2021-01-22 17:15:17"
"90","新鋭(株)　防犯ステーションストア","050-3816-3999","059-273-5861","info@secu.jp","","","","","","","","","","0","2021-01-29 08:05:11","2021-01-29 08:05:11"
"91","DanYee's Home(ネットSHOP)","","","","","","","","","","","","","0","2021-04-15 14:22:04","2021-04-15 14:22:04"
"92","ダイソー","","","","","","","","","","","","","0","2021-06-24 17:51:07","2021-06-24 17:51:07"
"93","アダチデンキ(ネットSHOP)","","","","","","","","","","","","","0","2021-06-24 17:58:06","2021-06-25 18:05:14"
"94","久住電気(株)　弱電工事","025-286-4161","025-286-3104","","山本","yamamoto@n-kec.co.jp","","","","","","","","1","2021-06-26 09:14:58","2021-07-17 14:29:12"
"95","久住電気(株)　電気工事","025-286-3101","025-286-3104","","清野","seino@n-kec.co.jp","田辺","","","","","","","1","2021-06-26 09:17:23","2021-07-17 14:29:48"
"97","ビックカメラ","","","","","","","","","","","","","0","2021-07-30 13:59:06","2021-07-30 13:59:22"
"98","マツモトキヨシ","","","","","","","","","","","","","0","2021-08-26 13:36:58","2021-08-26 13:36:58"
"99","志田電氣(株)","0256-57-2068","0256-57-2328","","","","","","","","","","","1","2021-09-02 09:05:13","2021-09-02 09:05:13"
"100","(株)荻荘電機","025-382-3116","025-382-7621","","","","","","","","","","","1","2021-09-25 17:39:04","2021-09-25 17:39:04"
"101","塚本無線","","","","","","","","","","","","","0","2022-02-28 08:23:06","2022-02-28 08:23:06"
"102","出戸建築","0254-27-6257","0254-27-6257","","","","","","","","","","","1","2022-04-15 17:31:50","2022-04-15 17:31:50"
"103","ENEOS","","","","","","","","","","","","","0","2022-04-23 11:03:38","2022-04-23 11:03:38"
"104","東北計器工業(株)","025-245-7251","025-241-3297","","","","","","","","","","","0","2022-05-18 07:45:09","2022-05-18 07:45:09"
"105","アオキ","","","","","","","","","","","","","0","2022-08-08 13:39:40","2022-08-08 13:39:40"
"106","アテーナ","","","","","","","","","","","","","0","2022-08-08 13:39:55","2022-08-08 13:39:55"
"107","(株)サウンドハウス","","","","","","","","","","","","","0","2022-09-13 18:10:14","2022-09-13 18:10:14"
"108","三栄実業(株)","0256-35-1730","0256-31-2078","","","","","","","","","","","1","2022-09-22 17:41:42","2022-09-22 17:41:42"
"109","楽天市場(ネットSHOP)","","","","","","","","","","","","","0","2022-10-20 07:54:16","2022-10-20 07:54:16"
"110","Yahooショッピング","","","","","","","","","","","","","0","2022-11-10 14:57:32","2022-11-10 14:57:32"
"111","カインズ","","","","","","","","","","","","c","0","2023-05-15 09:48:15","2023-05-15 09:48:15"
